{
  "acne_vulgaris": {
    "precision": 0.9130685089234312,
    "recall": 0.918355529820498,
    "f1-score": 0.9157043879907621,
    "support": 1727.0
  },
  "atopic_dermatitis": {
    "precision": 0.7975113122171946,
    "recall": 0.8164447017950203,
    "f1-score": 0.8068669527896996,
    "support": 1727.0
  },
  "basal_cell_carcinoma": {
    "precision": 0.9332220367278798,
    "recall": 0.9710480602200348,
    "f1-score": 0.9517593643586834,
    "support": 1727.0
  },
  "contact_dermatitis": {
    "precision": 0.9698725376593279,
    "recall": 0.9693109438332368,
    "f1-score": 0.9695916594265855,
    "support": 1727.0
  },
  "drug_eruptions": {
    "precision": 0.8695143358689292,
    "recall": 0.8604516502605675,
    "f1-score": 0.8649592549476135,
    "support": 1727.0
  },
  "folliculitis": {
    "precision": 1.0,
    "recall": 1.0,
    "f1-score": 1.0,
    "support": 1727.0
  },
  "fungal_nail_infections": {
    "precision": 0.9839541547277937,
    "recall": 0.9942096120440069,
    "f1-score": 0.9890552995391705,
    "support": 1727.0
  },
  "lupus_related_skin_lesions": {
    "precision": 0.8370091447014524,
    "recall": 0.9009843659525189,
    "f1-score": 0.86781929726715,
    "support": 1727.0
  },
  "melanoma": {
    "precision": 0.9609181141439206,
    "recall": 0.8969310943833236,
    "f1-score": 0.927822701407607,
    "support": 1727.0
  },
  "plaque_psoriasis": {
    "precision": 0.8465473145780051,
    "recall": 0.76664736537348,
    "f1-score": 0.8046186569431784,
    "support": 1727.0
  },
  "seborrheic_dermatitis": {
    "precision": 0.9988432620011567,
    "recall": 1.0,
    "f1-score": 0.9994212962962963,
    "support": 1727.0
  },
  "tinea_corporis": {
    "precision": 0.8207236842105263,
    "recall": 0.8668210770121598,
    "f1-score": 0.8431427766826246,
    "support": 1727.0
  },
  "vitiligo": {
    "precision": 0.9230769230769231,
    "recall": 0.903300521134916,
    "f1-score": 0.913081650570676,
    "support": 1727.0
  },
  "warts": {
    "precision": 0.882909520993495,
    "recall": 0.8645049218297626,
    "f1-score": 0.8736102984201287,
    "support": 1727.0
  },
  "accuracy": 0.9092149888328233,
  "macro avg": {
    "precision": 0.9097979178450026,
    "recall": 0.9092149888328233,
    "f1-score": 0.9091038283314411,
    "support": 24178.0
  },
  "weighted avg": {
    "precision": 0.9097979178450025,
    "recall": 0.9092149888328233,
    "f1-score": 0.9091038283314411,
    "support": 24178.0
  }
}